{"metadata":{"asset_id":"2978fdd4-feb0-4970-a91e-cfa7c84d7177","asset_attributes":["notebook"],"name":"SPACEX EDA With SQL","asset_type":"notebook","created_at":"2023-04-17T04:19:17Z","description":"","origin_country":"us","owner_id":"IBMid-668000QG1Q","project_id":"058e6b73-09fe-43b0-bffb-c49324e50398","size":26922,"tags":["notebook"],"usage":{"last_update_time":1681724515030,"last_updated_at":"2023-04-17T09:41:55Z"}},"entity":{"notebook":{"kernel":{"name":"python3","display_name":"Python 3.10","language":"python"},"originates_from":{"type":"blank"},"runtime":{"environment":"rt222pys1-058e6b73-09fe-43b0-bffb-c49324e50398"}},"location_definition":{"physical_location_code":"FRA","physical_location_code_assigned_by":"IBMid-668000QG1Q","physical_location_code_rds_id":"c57cb90f-2126-3800-9c9f-9eab82021cdf","physical_location_code_rds_version":"00002023-0227-4081-8941-286450000000_3","physical_location_code_assignment_method":"INFERRED","physical_location_code_added_on":"1681700433081"}},"attachments":[{"id":"e9d594f6-1e0f-4967-a667-ea34bc52b75c","version":2,"asset_type":"notebook","name":"attachment for notebook 2978fdd4-feb0-4970-a91e-cfa7c84d7177","description":"attachment for notebook 2978fdd4-feb0-4970-a91e-cfa7c84d7177","mime":"application/json","datasource_type":"193a97c1-4475-4a19-b90c-295c4fdc6517","object_key":"notebook/SPACEX_EDA_With_SQL_lFJSl0CuZ.ipynb","creator_id":"IBMid-668000QG1Q","create_time":1681705158236,"size":26922,"is_remote":false,"is_managed":false,"is_referenced":true,"is_object_key_read_only":false,"is_user_provided_path_key":true,"transfer_complete":true,"is_partitioned":false,"complete_time_ticks":1681705158236,"user_data":{},"test_doc":0,"handle":{"bucket":"capstoneproject-donotdelete-pr-vqrodoepaqc04b","location":"eu-de","type":"bluemix_cos","key":"notebook/SPACEX_EDA_With_SQL_lFJSl0CuZ.ipynb","upload_id":"done","max_part_num":1},"usage":{"access_count":15,"last_accessor_id":"IBMid-668000QG1Q","last_access_time":1681724510957,"last_updater_id":"IBMid-668000QG1Q","last_update_time":1681724510957}}]}
