{"metadata":{"asset_id":"f009ee86-15a6-4ac4-8ab2-658f7bbbe51d","asset_attributes":["notebook"],"name":"SPACEX EDA Data Wrangling","asset_type":"notebook","created_at":"2023-04-17T03:45:51Z","description":"","origin_country":"us","owner_id":"IBMid-668000QG1Q","project_id":"058e6b73-09fe-43b0-bffb-c49324e50398","size":33098,"tags":["notebook"],"usage":{"last_update_time":1681703436170,"last_updated_at":"2023-04-17T03:50:36Z"}},"entity":{"notebook":{"kernel":{"name":"python3","display_name":"Python 3.10","language":"python"},"originates_from":{"type":"blank"},"runtime":{"environment":"rt222pys1-058e6b73-09fe-43b0-bffb-c49324e50398"}},"location_definition":{"physical_location_code":"FRA","physical_location_code_assigned_by":"IBMid-668000QG1Q","physical_location_code_rds_id":"c57cb90f-2126-3800-9c9f-9eab82021cdf","physical_location_code_rds_version":"00002023-0227-4081-8941-286450000000_3","physical_location_code_assignment_method":"INFERRED","physical_location_code_added_on":"1681700433081"}},"attachments":[{"id":"cb851c6f-c2a4-4e60-87fd-07bd27d399c4","version":2,"asset_type":"notebook","name":"attachment for notebook f009ee86-15a6-4ac4-8ab2-658f7bbbe51d","description":"attachment for notebook f009ee86-15a6-4ac4-8ab2-658f7bbbe51d","mime":"application/json","datasource_type":"193a97c1-4475-4a19-b90c-295c4fdc6517","object_key":"notebook/SPACEX_EDA_Data_Wrangling_E5tantab0.ipynb","creator_id":"IBMid-668000QG1Q","create_time":1681703152094,"size":33098,"is_remote":false,"is_managed":false,"is_referenced":true,"is_object_key_read_only":false,"is_user_provided_path_key":true,"transfer_complete":true,"is_partitioned":false,"complete_time_ticks":1681703152094,"user_data":{},"test_doc":0,"handle":{"bucket":"capstoneproject-donotdelete-pr-vqrodoepaqc04b","location":"eu-de","type":"bluemix_cos","key":"notebook/SPACEX_EDA_Data_Wrangling_E5tantab0.ipynb","upload_id":"done","max_part_num":1},"usage":{"access_count":2,"last_accessor_id":"IBMid-668000QG1Q","last_access_time":1681703434533,"last_updater_id":"IBMid-668000QG1Q","last_update_time":1681703434533}}]}
